text,category
Organize a team-building activities for the GTD4U application.,Misc
Design a predictive analytics for project cost estimation.,Model
Develop a workflow optimization to predict task completion times.,Model
Develop a pitch deck for tech conference showcases with GTD4U.,Pitch Deck
Assemble a pitch deck to illustrate GTD4U's tech conference showcases.,Pitch Deck
Implement a project progress visualization function for the project management app.,Web App
Update the GTD4U user feedback collection with the latest features.,Misc
Design a task prioritization algorithms for project cost estimation.,Model
Organize a user feedback collection for the GTD4U application.,Misc
Study the benefits of agile vs. waterfall methodologies in product development.,Research
Develop a cost estimation techniques to predict task completion times.,Model
Enhance the app's task creation for overdue tasks.,Web App
Design a user-friendly project progress visualization for task tracking.,Web App
Implement a risk identification strategies for project task prioritization.,Model
Plan a user feedback collection to enhance team collaboration.,Misc
Plan a team-building activities to enhance team collaboration.,Misc
Design a presentation highlighting the funding acquisition.,Pitch Deck
Prepare a pitch deck outlining the tech conference showcases of GTD4U.,Pitch Deck
Update the GTD4U user feedback collection with the latest features.,Misc
Build a task prioritization algorithms for identifying project risks.,Model
Plan a competitive analysis to enhance team collaboration.,Misc
Implement a notification systems function for the project management app.,Web App
Conduct a security protocol review of GTD4U against competitors.,Misc
Research the most effective practices for agile vs. waterfall methodologies.,Research
Prepare a pitch deck outlining the unique tool features of GTD4U.,Pitch Deck
Build a workflow optimization for identifying project risks.,Model
Design a task prioritization algorithms for project cost estimation.,Model
Research the most effective practices for hackathon organization.,Research
Organize a security protocol review for the GTD4U application.,Misc
Develop a pitch deck for startup benefits with GTD4U.,Pitch Deck
Prepare a pitch deck outlining the market advantage analysis of GTD4U.,Pitch Deck
Study the benefits of project management tools in product development.,Research
Assemble a pitch deck to illustrate GTD4U's market advantage analysis.,Pitch Deck
Update the GTD4U security protocol review with the latest features.,Misc
Study the benefits of project management tools in product development.,Research
Organize a security protocol review for the GTD4U application.,Misc
Update the GTD4U security protocol review with the latest features.,Misc
Review and update the GTD4U security protocol review.,Misc
Review and update the GTD4U user feedback collection.,Misc
Update the GTD4U documentation updates with the latest features.,Misc
Create a simulation model for workflow optimization.,Model
Design a presentation highlighting the startup benefits.,Pitch Deck
Enhance the app's notification systems for overdue tasks.,Web App
Design a user-friendly project progress visualization for task tracking.,Web App
Design a predictive analytics for project cost estimation.,Model
Plan a competitive analysis to enhance team collaboration.,Misc
Create a simulation model for risk identification strategies.,Model
Investigate the latest trends in agile vs. waterfall methodologies.,Research
Develop a pitch deck for startup benefits with GTD4U.,Pitch Deck
Enhance the app's user interface design for overdue tasks.,Web App
Create a simulation model for cost estimation techniques.,Model
Create an engaging pitch deck for unique tool features.,Pitch Deck
Implement a real-time collaboration function for the project management app.,Web App
Design a task prioritization algorithms for project cost estimation.,Model
Study the benefits of remote work best practices in product development.,Research
Research the most effective practices for hackathon organization.,Research
Develop a task prioritization algorithms to predict task completion times.,Model
Enhance the app's user interface design for overdue tasks.,Web App
Study the benefits of remote work best practices in product development.,Research
Assemble a pitch deck to illustrate GTD4U's unique tool features.,Pitch Deck
Research the most effective practices for project management tools.,Research
Investigate the latest trends in emerging technologies.,Research
Build a cost estimation techniques for identifying project risks.,Model
Design a presentation highlighting the unique tool features.,Pitch Deck
Update the GTD4U user feedback collection with the latest features.,Misc
Investigate the latest trends in emerging technologies.,Research
Organize a competitive analysis for the GTD4U application.,Misc
Create a project progress visualization for visualizing project metrics.,Web App
Compile a comprehensive report on the best remote work best practices.,Research
Study the benefits of project management tools in product development.,Research
Develop a pitch deck for tech conference showcases with GTD4U.,Pitch Deck
Design a risk identification strategies for project cost estimation.,Model
Create an engaging pitch deck for tech conference showcases.,Pitch Deck
Organize a documentation updates for the GTD4U application.,Misc
Develop a workflow optimization to predict task completion times.,Model
Research the most effective practices for emerging technologies.,Research
Create a real-time collaboration for visualizing project metrics.,Web App
Build a cost estimation techniques for identifying project risks.,Model
Organize a team-building activities for the GTD4U application.,Misc
Implement a project progress visualization function for the project management app.,Web App
Design a user-friendly project progress visualization for task tracking.,Web App
Implement a project progress visualization function for the project management app.,Web App
Analyze the impact of remote work best practices on project efficiency.,Research
Create a simulation model for risk identification strategies.,Model
Develop a pitch deck for tech conference showcases with GTD4U.,Pitch Deck
Implement a workflow optimization for project task prioritization.,Model
Develop a real-time collaboration feature for the project board.,Web App
Develop a workflow optimization to predict task completion times.,Model
Plan a competitive analysis to enhance team collaboration.,Misc
Study the benefits of hackathon organization in product development.,Research
Build a task prioritization algorithms for identifying project risks.,Model
Design a presentation highlighting the tech conference showcases.,Pitch Deck
Develop a pitch deck for startup benefits with GTD4U.,Pitch Deck
Develop a notification systems feature for the project board.,Web App
Conduct a team-building activities of GTD4U against competitors.,Misc
Create an engaging pitch deck for market advantage analysis.,Pitch Deck
Develop a task prioritization algorithms to predict task completion times.,Model
Study the benefits of remote work best practices in product development.,Research
Design a user-friendly notification systems for task tracking.,Web App
Create an engaging pitch deck for tech conference showcases.,Pitch Deck
Compile a comprehensive report on the best remote work best practices.,Research
Compile a comprehensive report on the best hackathon organization.,Research
Assemble a pitch deck to illustrate GTD4U's funding acquisition.,Pitch Deck
Analyze the impact of project management tools on project efficiency.,Research
Enhance the app's notification systems for overdue tasks.,Web App
Plan a security protocol review to enhance team collaboration.,Misc
Prepare a pitch deck outlining the tech conference showcases of GTD4U.,Pitch Deck
Conduct a security protocol review of GTD4U against competitors.,Misc
Plan a team-building activities to enhance team collaboration.,Misc
Create a notification systems for visualizing project metrics.,Web App
Update the GTD4U competitive analysis with the latest features.,Misc
Create a simulation model for risk identification strategies.,Model
Assemble a pitch deck to illustrate GTD4U's market advantage analysis.,Pitch Deck
Study the benefits of remote work best practices in product development.,Research
Compile a comprehensive report on the best agile vs. waterfall methodologies.,Research
Design a cost estimation techniques for project cost estimation.,Model
Create a simulation model for cost estimation techniques.,Model
Review and update the GTD4U competitive analysis.,Misc
Develop a workflow optimization to predict task completion times.,Model
Design a presentation highlighting the startup benefits.,Pitch Deck
Develop a task prioritization algorithms to predict task completion times.,Model
Enhance the app's user interface design for overdue tasks.,Web App
Design a presentation highlighting the unique tool features.,Pitch Deck
Develop a pitch deck for startup benefits with GTD4U.,Pitch Deck
Conduct a team-building activities of GTD4U against competitors.,Misc
Investigate the latest trends in emerging technologies.,Research
Implement a predictive analytics for project task prioritization.,Model
Enhance the app's notification systems for overdue tasks.,Web App
Conduct a security protocol review of GTD4U against competitors.,Misc
Research the most effective practices for agile vs. waterfall methodologies.,Research
Plan a competitive analysis to enhance team collaboration.,Misc
Design a user-friendly real-time collaboration for task tracking.,Web App
Analyze the impact of project management tools on project efficiency.,Research
Plan a documentation updates to enhance team collaboration.,Misc
Design a risk identification strategies for project cost estimation.,Model
Create a simulation model for predictive analytics.,Model
Develop a real-time collaboration feature for the project board.,Web App
Compile a comprehensive report on the best hackathon organization.,Research
Create a simulation model for workflow optimization.,Model
Compile a comprehensive report on the best hackathon organization.,Research
Develop a task creation feature for the project board.,Web App
Investigate the latest trends in agile vs. waterfall methodologies.,Research
Create a task creation for visualizing project metrics.,Web App
Organize a security protocol review for the GTD4U application.,Misc
Create a notification systems for visualizing project metrics.,Web App
Investigate the latest trends in project management tools.,Research
Implement a predictive analytics for project task prioritization.,Model
Create a simulation model for workflow optimization.,Model
Implement a notification systems function for the project management app.,Web App
Compile a comprehensive report on the best hackathon organization.,Research
Design a cost estimation techniques for project cost estimation.,Model
Develop a predictive analytics to predict task completion times.,Model
Investigate the latest trends in agile vs. waterfall methodologies.,Research
Study the benefits of agile vs. waterfall methodologies in product development.,Research
Develop a task creation feature for the project board.,Web App
Build a task prioritization algorithms for identifying project risks.,Model
Research the most effective practices for agile vs. waterfall methodologies.,Research
Study the benefits of project management tools in product development.,Research
Review and update the GTD4U security protocol review.,Misc
Update the GTD4U security protocol review with the latest features.,Misc
Develop a pitch deck for market advantage analysis with GTD4U.,Pitch Deck
Review and update the GTD4U competitive analysis.,Misc
Develop a notification systems feature for the project board.,Web App
Study the benefits of hackathon organization in product development.,Research
Analyze the impact of project management tools on project efficiency.,Research
Plan a security protocol review to enhance team collaboration.,Misc
Study the benefits of agile vs. waterfall methodologies in product development.,Research
Implement a project progress visualization function for the project management app.,Web App
Implement a cost estimation techniques for project task prioritization.,Model
Design a user-friendly project progress visualization for task tracking.,Web App
Compile a comprehensive report on the best agile vs. waterfall methodologies.,Research
Update the GTD4U user feedback collection with the latest features.,Misc
Review and update the GTD4U user feedback collection.,Misc
Enhance the app's task creation for overdue tasks.,Web App
Assemble a pitch deck to illustrate GTD4U's tech conference showcases.,Pitch Deck
Develop a task prioritization algorithms to predict task completion times.,Model
Conduct a documentation updates of GTD4U against competitors.,Misc
Develop a pitch deck for market advantage analysis with GTD4U.,Pitch Deck
Implement a real-time collaboration function for the project management app.,Web App
Assemble a pitch deck to illustrate GTD4U's tech conference showcases.,Pitch Deck
Create a simulation model for cost estimation techniques.,Model
Design a user-friendly user interface design for task tracking.,Web App
Build a task prioritization algorithms for identifying project risks.,Model
Compile a comprehensive report on the best hackathon organization.,Research
Study the benefits of remote work best practices in product development.,Research
Develop a notification systems feature for the project board.,Web App
Build a risk identification strategies for identifying project risks.,Model
Plan a security protocol review to enhance team collaboration.,Misc
Create a simulation model for task prioritization algorithms.,Model
Develop a pitch deck for tech conference showcases with GTD4U.,Pitch Deck
Analyze the impact of emerging technologies on project efficiency.,Research
Develop a notification systems feature for the project board.,Web App
Implement a risk identification strategies for project task prioritization.,Model
Plan a competitive analysis to enhance team collaboration.,Misc
Organize a security protocol review for the GTD4U application.,Misc
Create an engaging pitch deck for market advantage analysis.,Pitch Deck
Review and update the GTD4U documentation updates.,Misc
Create an engaging pitch deck for startup benefits.,Pitch Deck
Review and update the GTD4U security protocol review.,Misc
Design a user-friendly notification systems for task tracking.,Web App
Conduct a security protocol review of GTD4U against competitors.,Misc
Create an engaging pitch deck for unique tool features.,Pitch Deck
Implement a cost estimation techniques for project task prioritization.,Model
Create an engaging pitch deck for startup benefits.,Pitch Deck
Review and update the GTD4U security protocol review.,Misc
Develop a predictive analytics to predict task completion times.,Model
Create a simulation model for workflow optimization.,Model
Design a user-friendly task creation for task tracking.,Web App
Implement a risk identification strategies for project task prioritization.,Model
Implement a cost estimation techniques for project task prioritization.,Model
Create an engaging pitch deck for funding acquisition.,Pitch Deck
Design a presentation highlighting the tech conference showcases.,Pitch Deck
Prepare a pitch deck outlining the unique tool features of GTD4U.,Pitch Deck
Research the most effective practices for hackathon organization.,Research
Analyze the impact of hackathon organization on project efficiency.,Research
Update the GTD4U team-building activities with the latest features.,Misc
Review and update the GTD4U documentation updates.,Misc
Conduct a security protocol review of GTD4U against competitors.,Misc
Analyze the impact of project management tools on project efficiency.,Research
Compile a comprehensive report on the best project management tools.,Research
Study the benefits of agile vs. waterfall methodologies in product development.,Research
Research the most effective practices for emerging technologies.,Research
Develop a cost estimation techniques to predict task completion times.,Model
Research the most effective practices for emerging technologies.,Research
Design a presentation highlighting the funding acquisition.,Pitch Deck
Compile a comprehensive report on the best project management tools.,Research
Implement a real-time collaboration function for the project management app.,Web App
Develop a notification systems feature for the project board.,Web App
Design a presentation highlighting the market advantage analysis.,Pitch Deck
Plan a documentation updates to enhance team collaboration.,Misc
Build a risk identification strategies for identifying project risks.,Model
Update the GTD4U team-building activities with the latest features.,Misc
Implement a task creation function for the project management app.,Web App
Update the GTD4U competitive analysis with the latest features.,Misc
Enhance the app's real-time collaboration for overdue tasks.,Web App
Design a presentation highlighting the funding acquisition.,Pitch Deck
Assemble a pitch deck to illustrate GTD4U's market advantage analysis.,Pitch Deck
Plan a competitive analysis to enhance team collaboration.,Misc
Compile a comprehensive report on the best remote work best practices.,Research
Build a risk identification strategies for identifying project risks.,Model
Develop a project progress visualization feature for the project board.,Web App
Assemble a pitch deck to illustrate GTD4U's funding acquisition.,Pitch Deck
Develop a pitch deck for startup benefits with GTD4U.,Pitch Deck
Organize a team-building activities for the GTD4U application.,Misc
Review and update the GTD4U competitive analysis.,Misc
Design a risk identification strategies for project cost estimation.,Model
Implement a task prioritization algorithms for project task prioritization.,Model
Assemble a pitch deck to illustrate GTD4U's tech conference showcases.,Pitch Deck
Develop a pitch deck for startup benefits with GTD4U.,Pitch Deck
Conduct a security protocol review of GTD4U against competitors.,Misc
Investigate the latest trends in hackathon organization.,Research
Build a predictive analytics for identifying project risks.,Model
Research the most effective practices for project management tools.,Research
Develop a pitch deck for funding acquisition with GTD4U.,Pitch Deck
Create a simulation model for predictive analytics.,Model
Create a real-time collaboration for visualizing project metrics.,Web App
Build a predictive analytics for identifying project risks.,Model
Assemble a pitch deck to illustrate GTD4U's unique tool features.,Pitch Deck
Study the benefits of project management tools in product development.,Research
Create a notification systems for visualizing project metrics.,Web App
Plan a documentation updates to enhance team collaboration.,Misc
Design a cost estimation techniques for project cost estimation.,Model
Prepare a pitch deck outlining the unique tool features of GTD4U.,Pitch Deck
Conduct a documentation updates of GTD4U against competitors.,Misc
Create a simulation model for predictive analytics.,Model
Enhance the app's task creation for overdue tasks.,Web App
Create an engaging pitch deck for unique tool features.,Pitch Deck
Organize a competitive analysis for the GTD4U application.,Misc
Design a user-friendly notification systems for task tracking.,Web App
Build a task prioritization algorithms for identifying project risks.,Model
Implement a project progress visualization function for the project management app.,Web App
Design a presentation highlighting the startup benefits.,Pitch Deck
Organize a team-building activities for the GTD4U application.,Misc
Create a notification systems for visualizing project metrics.,Web App
Develop a predictive analytics to predict task completion times.,Model
Create a simulation model for predictive analytics.,Model
Review and update the GTD4U user feedback collection.,Misc
Implement a workflow optimization for project task prioritization.,Model
Design a risk identification strategies for project cost estimation.,Model
Design a presentation highlighting the market advantage analysis.,Pitch Deck
Build a cost estimation techniques for identifying project risks.,Model
Research the most effective practices for emerging technologies.,Research
Develop a workflow optimization to predict task completion times.,Model
Create a task creation for visualizing project metrics.,Web App
Develop a workflow optimization to predict task completion times.,Model
Research the most effective practices for project management tools.,Research
Research the most effective practices for remote work best practices.,Research
Assemble a pitch deck to illustrate GTD4U's tech conference showcases.,Pitch Deck
Plan a user feedback collection to enhance team collaboration.,Misc
Design a presentation highlighting the market advantage analysis.,Pitch Deck
Implement a user interface design function for the project management app.,Web App
Create a simulation model for cost estimation techniques.,Model
Implement a workflow optimization for project task prioritization.,Model
Design a user-friendly project progress visualization for task tracking.,Web App
Assemble a pitch deck to illustrate GTD4U's unique tool features.,Pitch Deck
Plan a documentation updates to enhance team collaboration.,Misc
Assemble a pitch deck to illustrate GTD4U's funding acquisition.,Pitch Deck
Assemble a pitch deck to illustrate GTD4U's tech conference showcases.,Pitch Deck
Organize a team-building activities for the GTD4U application.,Misc
Analyze the impact of agile vs. waterfall methodologies on project efficiency.,Research
Analyze the impact of hackathon organization on project efficiency.,Research
Plan a documentation updates to enhance team collaboration.,Misc
Study the benefits of hackathon organization in product development.,Research
Develop a real-time collaboration feature for the project board.,Web App
Design a risk identification strategies for project cost estimation.,Model
Organize a user feedback collection for the GTD4U application.,Misc
Design a predictive analytics for project cost estimation.,Model
Study the benefits of emerging technologies in product development.,Research
Develop a pitch deck for tech conference showcases with GTD4U.,Pitch Deck
Create a real-time collaboration for visualizing project metrics.,Web App
Assemble a pitch deck to illustrate GTD4U's funding acquisition.,Pitch Deck
Build a workflow optimization for identifying project risks.,Model
Plan a user feedback collection to enhance team collaboration.,Misc
Create a task creation for visualizing project metrics.,Web App
Design a workflow optimization for project cost estimation.,Model
Build a cost estimation techniques for identifying project risks.,Model
Investigate the latest trends in emerging technologies.,Research
Conduct a competitive analysis of GTD4U against competitors.,Misc
Organize a competitive analysis for the GTD4U application.,Misc
Organize a competitive analysis for the GTD4U application.,Misc
Prepare a pitch deck outlining the unique tool features of GTD4U.,Pitch Deck
Review and update the GTD4U user feedback collection.,Misc
Develop a pitch deck for unique tool features with GTD4U.,Pitch Deck
Organize a documentation updates for the GTD4U application.,Misc
Prepare a pitch deck outlining the tech conference showcases of GTD4U.,Pitch Deck
Organize a security protocol review for the GTD4U application.,Misc
Research the most effective practices for emerging technologies.,Research
Design a user-friendly notification systems for task tracking.,Web App
Analyze the impact of project management tools on project efficiency.,Research
Design a user-friendly task creation for task tracking.,Web App
Implement a project progress visualization function for the project management app.,Web App
Design a user-friendly user interface design for task tracking.,Web App
Create a simulation model for cost estimation techniques.,Model
Build a task prioritization algorithms for identifying project risks.,Model
Develop a project progress visualization feature for the project board.,Web App
Develop a notification systems feature for the project board.,Web App
Design a risk identification strategies for project cost estimation.,Model
Implement a task creation function for the project management app.,Web App
Create a task creation for visualizing project metrics.,Web App
Develop a project progress visualization feature for the project board.,Web App
Implement a risk identification strategies for project task prioritization.,Model
Design a presentation highlighting the startup benefits.,Pitch Deck
Develop a project progress visualization feature for the project board.,Web App
Implement a predictive analytics for project task prioritization.,Model
Analyze the impact of remote work best practices on project efficiency.,Research
Create a task creation for visualizing project metrics.,Web App
Build a predictive analytics for identifying project risks.,Model
Create an engaging pitch deck for market advantage analysis.,Pitch Deck
Design a user-friendly task creation for task tracking.,Web App
Create an engaging pitch deck for tech conference showcases.,Pitch Deck
Plan a documentation updates to enhance team collaboration.,Misc
Assemble a pitch deck to illustrate GTD4U's unique tool features.,Pitch Deck
Build a cost estimation techniques for identifying project risks.,Model
Create a user interface design for visualizing project metrics.,Web App
Create a user interface design for visualizing project metrics.,Web App
Develop a pitch deck for market advantage analysis with GTD4U.,Pitch Deck
Update the GTD4U security protocol review with the latest features.,Misc
Enhance the app's real-time collaboration for overdue tasks.,Web App
Compile a comprehensive report on the best project management tools.,Research
Design a task prioritization algorithms for project cost estimation.,Model
Design a presentation highlighting the funding acquisition.,Pitch Deck
Design a user-friendly real-time collaboration for task tracking.,Web App
Implement a notification systems function for the project management app.,Web App
Implement a risk identification strategies for project task prioritization.,Model
Conduct a competitive analysis of GTD4U against competitors.,Misc
Prepare a pitch deck outlining the startup benefits of GTD4U.,Pitch Deck
Conduct a security protocol review of GTD4U against competitors.,Misc
Analyze the impact of hackathon organization on project efficiency.,Research
Prepare a pitch deck outlining the unique tool features of GTD4U.,Pitch Deck
Enhance the app's user interface design for overdue tasks.,Web App
Study the benefits of project management tools in product development.,Research
Develop a workflow optimization to predict task completion times.,Model
Create a notification systems for visualizing project metrics.,Web App
Implement a project progress visualization function for the project management app.,Web App
Develop a pitch deck for funding acquisition with GTD4U.,Pitch Deck
Organize a user feedback collection for the GTD4U application.,Misc
Analyze the impact of agile vs. waterfall methodologies on project efficiency.,Research
Design a presentation highlighting the startup benefits.,Pitch Deck
Organize a team-building activities for the GTD4U application.,Misc
Research the most effective practices for agile vs. waterfall methodologies.,Research
Develop a pitch deck for tech conference showcases with GTD4U.,Pitch Deck
Plan a competitive analysis to enhance team collaboration.,Misc
Implement a cost estimation techniques for project task prioritization.,Model
Implement a task creation function for the project management app.,Web App
Create a user interface design for visualizing project metrics.,Web App
Update the GTD4U documentation updates with the latest features.,Misc
Plan a team-building activities to enhance team collaboration.,Misc
Implement a notification systems function for the project management app.,Web App
Develop a cost estimation techniques to predict task completion times.,Model
Enhance the app's task creation for overdue tasks.,Web App
Update the GTD4U team-building activities with the latest features.,Misc
Implement a real-time collaboration function for the project management app.,Web App
Prepare a pitch deck outlining the startup benefits of GTD4U.,Pitch Deck
Organize a security protocol review for the GTD4U application.,Misc
Plan a competitive analysis to enhance team collaboration.,Misc
Develop a predictive analytics to predict task completion times.,Model
Develop a user interface design feature for the project board.,Web App
Prepare a pitch deck outlining the tech conference showcases of GTD4U.,Pitch Deck
Create an engaging pitch deck for funding acquisition.,Pitch Deck
Create a task creation for visualizing project metrics.,Web App
Implement a task prioritization algorithms for project task prioritization.,Model
Design a cost estimation techniques for project cost estimation.,Model
Organize a user feedback collection for the GTD4U application.,Misc
Design a user-friendly project progress visualization for task tracking.,Web App
Organize a competitive analysis for the GTD4U application.,Misc
Design a user-friendly real-time collaboration for task tracking.,Web App
Update the GTD4U team-building activities with the latest features.,Misc
Investigate the latest trends in emerging technologies.,Research
Review and update the GTD4U documentation updates.,Misc
Design a task prioritization algorithms for project cost estimation.,Model
Create a notification systems for visualizing project metrics.,Web App
Conduct a user feedback collection of GTD4U against competitors.,Misc
Study the benefits of agile vs. waterfall methodologies in product development.,Research
Update the GTD4U documentation updates with the latest features.,Misc
Develop a risk identification strategies to predict task completion times.,Model
Conduct a documentation updates of GTD4U against competitors.,Misc
Assemble a pitch deck to illustrate GTD4U's funding acquisition.,Pitch Deck
Review and update the GTD4U team-building activities.,Misc
Assemble a pitch deck to illustrate GTD4U's tech conference showcases.,Pitch Deck
Implement a project progress visualization function for the project management app.,Web App
Study the benefits of project management tools in product development.,Research
Implement a project progress visualization function for the project management app.,Web App
Create a simulation model for predictive analytics.,Model
Design a user-friendly real-time collaboration for task tracking.,Web App
Enhance the app's user interface design for overdue tasks.,Web App
Implement a risk identification strategies for project task prioritization.,Model
Review and update the GTD4U competitive analysis.,Misc
Design a user-friendly project progress visualization for task tracking.,Web App
Compile a comprehensive report on the best hackathon organization.,Research
Research the most effective practices for agile vs. waterfall methodologies.,Research
Create a user interface design for visualizing project metrics.,Web App
Build a risk identification strategies for identifying project risks.,Model
Design a predictive analytics for project cost estimation.,Model
Create a simulation model for task prioritization algorithms.,Model
Study the benefits of hackathon organization in product development.,Research
Analyze the impact of agile vs. waterfall methodologies on project efficiency.,Research
Organize a security protocol review for the GTD4U application.,Misc
Enhance the app's notification systems for overdue tasks.,Web App
Develop a pitch deck for unique tool features with GTD4U.,Pitch Deck
Develop a notification systems feature for the project board.,Web App
Study the benefits of remote work best practices in product development.,Research
Prepare a pitch deck outlining the funding acquisition of GTD4U.,Pitch Deck
Prepare a pitch deck outlining the unique tool features of GTD4U.,Pitch Deck
Analyze the impact of agile vs. waterfall methodologies on project efficiency.,Research
Conduct a competitive analysis of GTD4U against competitors.,Misc
Build a cost estimation techniques for identifying project risks.,Model
Review and update the GTD4U security protocol review.,Misc
Develop a risk identification strategies to predict task completion times.,Model
Enhance the app's real-time collaboration for overdue tasks.,Web App
Research the most effective practices for emerging technologies.,Research
Create a notification systems for visualizing project metrics.,Web App
Assemble a pitch deck to illustrate GTD4U's market advantage analysis.,Pitch Deck
Develop a task prioritization algorithms to predict task completion times.,Model
Update the GTD4U competitive analysis with the latest features.,Misc
Develop a task prioritization algorithms to predict task completion times.,Model
Prepare a pitch deck outlining the funding acquisition of GTD4U.,Pitch Deck
Develop a task creation feature for the project board.,Web App
Create a simulation model for risk identification strategies.,Model
Analyze the impact of project management tools on project efficiency.,Research
Develop a pitch deck for startup benefits with GTD4U.,Pitch Deck
Create a task creation for visualizing project metrics.,Web App
Review and update the GTD4U documentation updates.,Misc
Organize a user feedback collection for the GTD4U application.,Misc
Compile a comprehensive report on the best agile vs. waterfall methodologies.,Research
Create a project progress visualization for visualizing project metrics.,Web App
Analyze the impact of agile vs. waterfall methodologies on project efficiency.,Research
Develop a task creation feature for the project board.,Web App
Implement a task creation function for the project management app.,Web App
Prepare a pitch deck outlining the unique tool features of GTD4U.,Pitch Deck
Design a user-friendly real-time collaboration for task tracking.,Web App
Compile a comprehensive report on the best remote work best practices.,Research
Build a workflow optimization for identifying project risks.,Model
Create a project progress visualization for visualizing project metrics.,Web App
Create a simulation model for workflow optimization.,Model
Develop a pitch deck for funding acquisition with GTD4U.,Pitch Deck
Create an engaging pitch deck for tech conference showcases.,Pitch Deck
Design a user-friendly notification systems for task tracking.,Web App
Research the most effective practices for remote work best practices.,Research
Design a risk identification strategies for project cost estimation.,Model
Design a workflow optimization for project cost estimation.,Model
Design a workflow optimization for project cost estimation.,Model
Create an engaging pitch deck for unique tool features.,Pitch Deck
Create a user interface design for visualizing project metrics.,Web App
Conduct a user feedback collection of GTD4U against competitors.,Misc
Investigate the latest trends in remote work best practices.,Research
Organize a user feedback collection for the GTD4U application.,Misc
Develop a risk identification strategies to predict task completion times.,Model
Design a user-friendly user interface design for task tracking.,Web App
Update the GTD4U team-building activities with the latest features.,Misc
Prepare a pitch deck outlining the tech conference showcases of GTD4U.,Pitch Deck
Study the benefits of project management tools in product development.,Research
Create a task creation for visualizing project metrics.,Web App
Study the benefits of remote work best practices in product development.,Research
Develop a pitch deck for funding acquisition with GTD4U.,Pitch Deck
Create a real-time collaboration for visualizing project metrics.,Web App
Enhance the app's project progress visualization for overdue tasks.,Web App
Build a risk identification strategies for identifying project risks.,Model
Investigate the latest trends in emerging technologies.,Research
Design a risk identification strategies for project cost estimation.,Model
Implement a predictive analytics for project task prioritization.,Model
